"Reference","Value","Datasheet","Footprint","Qty","DNP"
"BT1","+6V","~","Battery:BatteryHolder_Keystone_2479_3xAAA","1",""
"C1,C5","47 pF / 16V","~","Capacitor_THT:CP_Radial_D5.0mm_P2.50mm","2",""
"C2","100 nF / 63V","~","Capacitor_THT:CP_Radial_D5.0mm_P2.50mm","1",""
"C3","470 nF / 63V","~","Capacitor_THT:CP_Radial_D5.0mm_P2.50mm","1",""
"C4","10 nF / 63V","~","Capacitor_THT:CP_Radial_D5.0mm_P2.50mm","1",""
"D1,D2,D3,D4,D5,D6,D7,D8","1N4148","https://assets.nexperia.com/documents/data-sheet/1N4148_1N4448.pdf","Diode_THT:D_DO-35_SOD27_P7.62mm_Horizontal","8",""
"LS1","AI-1027-TWT-3V-R","","AI-1027-TWT-3V-R:XDCR_AI-1027-TWT-3V-R","1",""
"R1,R6","330K","~","Resistor_THT:R_Axial_DIN0204_L3.6mm_D1.6mm_P5.08mm_Horizontal","2",""
"R2,R7","1M","~","Resistor_THT:R_Axial_DIN0204_L3.6mm_D1.6mm_P5.08mm_Horizontal","2",""
"R4","10K","~","Resistor_THT:R_Axial_DIN0204_L3.6mm_D1.6mm_P5.08mm_Horizontal","1",""
"R5","47K","~","Resistor_THT:R_Axial_DIN0204_L3.6mm_D1.6mm_P5.08mm_Horizontal","1",""
"R8","220K","~","Resistor_THT:R_Axial_DIN0204_L3.6mm_D1.6mm_P5.08mm_Horizontal","1",""
"R9","200K","~","Resistor_THT:R_Axial_DIN0204_L3.6mm_D1.6mm_P5.08mm_Horizontal","1",""
"R10","300K","~","Resistor_THT:R_Axial_DIN0204_L3.6mm_D1.6mm_P5.08mm_Horizontal","1",""
"RT3,RV1","100K","~","-- valeurs mixtées --","2",""
"RV2","50K","~","Potentiometer_THT:Potentiometer_Piher_PC-16_Single_Vertical","1",""
"S1","A3AT-91L1-00R","","A3AT-91L1-00R:SW_A3AT-91L1-00R","1",""
"U2","4049","http://www.intersil.com/content/dam/intersil/documents/cd40/cd4049ubms.pdf","HEF4049BP:DIP254P762X420-16","1",""
"U3","HEF4093B","https://assets.nexperia.com/documents/data-sheet/HEF4093B.pdf","CD4093BE:DIP794W45P254L1969H508Q14","1",""
"U8","4001","http://www.intersil.com/content/dam/Intersil/documents/cd40/cd4000bms-01bms-02bms-25bms.pdf","CD4001BE:DIP794W45P254L1969H508Q14","1",""
